use IglandMVCdb;
INSERT INTO AspNetUsers(Id,UserName, NormalizedUserName, Email, NormalizedEmail, EmailConfirmed, PasswordHash, SecurityStamp, ConcurrencyStamp, PhoneNumberConfirmed, TwoFactorEnabled, LockoutEnd, LockoutEnabled, AccessFailedCount) values('9670b732-ccb2-4e90-87f5-8b31ce8655fb', 'Igland@mail.com', 'IGLAND@MAIL.COM', 'Igland@mail.com', 'IGLAND@MAIL.COM', True, 'AQAAAAIAAYagAAAAEJ4HQojIkMee85/uU6/LD85or3Sjq4EY/i8WTx1XuKKh9Ar6Ylb3EChdkFArT0A7lQ==', 'PNR4WUNX2ZG3EYFMP4GYZAACIJZ4KDEW', 'a2849db4-acc1-4c85-8333-8b098eec9e02', True, False, '2023-11-06 19:55:08',False, '0');
INSERT INTO AspNetUsers(Id,UserName, NormalizedUserName, Email, NormalizedEmail, EmailConfirmed, PasswordHash, SecurityStamp, ConcurrencyStamp, PhoneNumberConfirmed, TwoFactorEnabled, LockoutEnd, LockoutEnabled, AccessFailedCount) values('9670b732-ccb2-4e90-87f5-8b31ce8655db', 'Elektro@mail.com', 'ELEKTRO@MAIL.COM', 'Elektro@mail.com', 'ELEKTRO@MAIL.COM', True, 'AQAAAAIAAYagAAAAEJ4HQojIkMee85/uU6/LD85or3Sjq4EY/i8WTx1XuKKh9Ar6Ylb3EChdkFArT0A7lQ==', 'PNR4WUNX2ZG3EYFMP4GYZAACIJZ4KDEW', 'a2849db4-acc1-4c85-8333-8b098eec9e02', True, False, '2023-11-06 19:55:08',False, '0');
INSERT INTO AspNetUsers(Id,UserName, NormalizedUserName, Email, NormalizedEmail, EmailConfirmed, PasswordHash, SecurityStamp, ConcurrencyStamp, PhoneNumberConfirmed, TwoFactorEnabled, LockoutEnd, LockoutEnabled, AccessFailedCount) values('9670b732-ccb2-4e90-87f5-8b31ce8655sd', 'Mekanisk@mail.com', 'MEKANISK@MAIL.COM', 'Mekanisk@mail.com', 'MEKANISK@MAIL.COM', True, 'AQAAAAIAAYagAAAAEJ4HQojIkMee85/uU6/LD85or3Sjq4EY/i8WTx1XuKKh9Ar6Ylb3EChdkFArT0A7lQ==', 'PNR4WUNX2ZG3EYFMP4GYZAACIJZ4KDEW', 'a2849db4-acc1-4c85-8333-8b098eec9e02', True, False, '2023-11-06 19:55:08',False, '0');
INSERT INTO AspNetUsers(Id,UserName, NormalizedUserName, Email, NormalizedEmail, EmailConfirmed, PasswordHash, SecurityStamp, ConcurrencyStamp, PhoneNumberConfirmed, TwoFactorEnabled, LockoutEnd, LockoutEnabled, AccessFailedCount) values('9670b732-ccb2-4e90-87f5-8b31ce8655vd', 'Hydraulisk@mail.com', 'HYDRAULISK@MAIL.COM', 'Hydraulisk@mail.com', 'HYDRAULISK@MAIL.COM', True, 'AQAAAAIAAYagAAAAEJ4HQojIkMee85/uU6/LD85or3Sjq4EY/i8WTx1XuKKh9Ar6Ylb3EChdkFArT0A7lQ==', 'PNR4WUNX2ZG3EYFMP4GYZAACIJZ4KDEW', 'a2849db4-acc1-4c85-8333-8b098eec9e02', True, False, '2023-11-06 19:55:08',False, '0');
INSERT INTO AspNetUserRoles (UserId, RoleId) VALUES ('9670b732-ccb2-4e90-87f5-8b31ce8655fb', 'Administrator');
INSERT INTO Kunder (KundeId, KundeNavn) VALUES ('100', 'Kunde1');
INSERT INTO Kunder (KundeId, KundeNavn) VALUES ('101', 'Kunde2');
INSERT INTO Kunder (KundeId, KundeNavn) VALUES ('102', 'Kunde3');
INSERT INTO Kunder (KundeId, KundeNavn) VALUES ('103', 'Kunde4');
INSERT INTO Kunder (KundeId, KundeNavn) VALUES ('104', 'Kunde5');
INSERT INTO Ordre (OrdreNummer, KundeID, SerieNummer, VareNavn, Status, Arbdokument) VALUES ('10000000', '100', '11111', 'SerieNR1', 'Ferdig', 'Arbdokument');
INSERT INTO Ordre (OrdreNummer, KundeID, SerieNummer, VareNavn, Status, Arbdokument) VALUES ('10000001', '101', '22222', 'SerieNR2', 'Ferdig', 'Arbdokument');
INSERT INTO Ordre (OrdreNummer, KundeID, SerieNummer, VareNavn, Status, Arbdokument) VALUES ('10000002', '102', '33333', 'SerieNR3', 'Venter på deler', 'Arbdokument');
INSERT INTO Ordre (OrdreNummer, KundeID, SerieNummer, VareNavn, Status, Arbdokument) VALUES ('10000003', '103', '44444', 'SerieNR4', 'Satt på vent', 'Arbdokument');
INSERT INTO Ordre (OrdreNummer, KundeID, SerieNummer, VareNavn, Status, Arbdokument) VALUES ('10000004', '104', '55555', 'SerieNR5', 'Ukjent', 'Arbdokument');
INSERT INTO ServiceDokument (ServiceSkjemaID, OrdreNummer, Aarsmodel, Garanti, Reparasjonsbeskrivelse, MedgaatteDeler, DeleRetur, ForesendelsesMaate) VALUES ('5000','10000000','2000','Ja','Den delen er skadet','Wire','Ingen','Hentes av kunde' );
INSERT INTO ServiceDokument (ServiceSkjemaID, OrdreNummer, Aarsmodel, Garanti, Reparasjonsbeskrivelse, MedgaatteDeler, DeleRetur, ForesendelsesMaate) VALUES ('5001','10000001','1982','Nei','Den delen er skadet','Wire','Ingen','Sendes via Post' );
INSERT INTO ServiceDokument (ServiceSkjemaID, OrdreNummer, Aarsmodel, Garanti, Reparasjonsbeskrivelse, MedgaatteDeler, DeleRetur, ForesendelsesMaate) VALUES ('5002','10000002','1999','Nei','Den delen er skadet','Wire','Ingen','Hentes av kunde' );
INSERT INTO ServiceDokument (ServiceSkjemaID, OrdreNummer, Aarsmodel, Garanti, Reparasjonsbeskrivelse, MedgaatteDeler, DeleRetur, ForesendelsesMaate) VALUES ('5003','10000003','2010','Ja','Den delen er skadet','Wire','Ingen','Hentes av kunde' );
INSERT INTO ServiceDokument (ServiceSkjemaID, OrdreNummer, Aarsmodel, Garanti, Reparasjonsbeskrivelse, MedgaatteDeler, DeleRetur, ForesendelsesMaate) VALUES ('5004','10000004','2000','Ja','Den delen er skadet','Wire','Ingen','Sendes via Post' );
INSERT INTO ArbDok (ArbDokID, OrdreNummer, Kunde, Vinsj, HenvendelseMotatt, AvtaltLevering, ProduktMotatt, SjekkUtfort, AvtaltFerdig, ServiceFerdig, AntallTimer, BestillingFraKunde, NotatFraMekaniker) VALUES ('1', '10000000', '100', 'Vinsj 1', '2023-11-10 00:00:00', '2023-11-10 00:00:00', '2023-11-10 00:00:00', '2023-11-10 00:00:00', '2023-11-10 00:00:00', '2023-11-10 00:00:00', '2', 'Ja', 'Den delen må fikses');
INSERT INTO ArbDok (ArbDokID, OrdreNummer, Kunde, Vinsj, HenvendelseMotatt, AvtaltLevering, ProduktMotatt, SjekkUtfort, AvtaltFerdig, ServiceFerdig, AntallTimer, BestillingFraKunde, NotatFraMekaniker) VALUES ('2', '10000001', '101', 'Vinsj 2', '2023-11-10 00:00:00', '2023-11-10 00:00:00', '2023-11-10 00:00:00', '2023-11-10 00:00:00', '2023-11-10 00:00:00', '2023-11-10 00:00:00', '2', 'Nei', 'Den delen må fikses');
INSERT INTO ArbDok (ArbDokID, OrdreNummer, Kunde, Vinsj, HenvendelseMotatt, AvtaltLevering, ProduktMotatt, SjekkUtfort, AvtaltFerdig, ServiceFerdig, AntallTimer, BestillingFraKunde, NotatFraMekaniker) VALUES ('3', '10000002', '102', 'Vinsj 3', '2023-11-10 00:00:00', '2023-11-10 00:00:00', '2023-11-10 00:00:00', '2023-11-10 00:00:00', '2023-11-10 00:00:00', '2023-11-10 00:00:00', '2', 'Ja', 'Den delen må fikses');
INSERT INTO ArbDok (ArbDokID, OrdreNummer, Kunde, Vinsj, HenvendelseMotatt, AvtaltLevering, ProduktMotatt, SjekkUtfort, AvtaltFerdig, ServiceFerdig, AntallTimer, BestillingFraKunde, NotatFraMekaniker) VALUES ('4', '10000003', '103', 'Vinsj 4', '2023-11-10 00:00:00', '2023-11-10 00:00:00', '2023-11-10 00:00:00', '2023-11-10 00:00:00', '2023-11-10 00:00:00', '2023-11-10 00:00:00', '2', 'Ja', 'Den delen må fikses');
INSERT INTO ArbDok (ArbDokID, OrdreNummer, Kunde, Vinsj, HenvendelseMotatt, AvtaltLevering, ProduktMotatt, SjekkUtfort, AvtaltFerdig, ServiceFerdig, AntallTimer, BestillingFraKunde, NotatFraMekaniker) VALUES ('5', '10000004', '104', 'Vinsj 5', '2023-11-10 00:00:00', '2023-11-10 00:00:00', '2023-11-10 00:00:00', '2023-11-10 00:00:00', '2023-11-10 00:00:00', '2023-11-10 00:00:00', '2', 'Ja', 'Den delen må fikses');
